Player Name,Reddit Name,Discord Name,ADDRESSES,Achievements
GH Issuing Authority,,,0x196bd46Fe0b188d699Ed882FF1E2df11DcB03067,
GH Eissentam Treasury,,,0xc23f61fa731822f01a96a7d792200f5bd5c86781,
GHEC Discretionary Fund,,,0x7fba3FD5BF95A5A1c4ce7B691F64D94eA89287Fd,
GHDF Discretionary Fund,,,0x8391c49c43cc0941C7E1B647ed706527d5B792DA,
GHSL Discretionary Fund - Grimr0c,,,0xc6C6fbD76571155E0406510fA0bfE2b4e69B01d4,
GHSL Discretionary Fund - Augment Echo,,,0x8ABe8f92e336E6a0338C39A22522565FA653a890,
Hirk's Combat Academy (gizmokhan#4855),,,0x8b29632da613c694148c6a2cbe42f1cf301f183f,
Interloper Records (7101334#0228),,,0x9eF0d5067b787fAfF7E4E25937C8c0d6bAB1152a,
Agent Bahann,poploco2,Bahann#3174,0xe5fed348e8374bb04f4fa0de443d466b26e9cb7e,
AirosRhyner,VertSkiy,AirosRhyner#9261,0x6fD2e7D2c9E0f84f58c08ffB8eF396836e47d96c,Î”
Angel Dust Stan Acc,Temmemes,Ralsei Stan Acc#4515,0x03e3361e3e7095b06C113b99c96819B363E2E150,
ardyalligan,ardyalligan,ardyalligan#1256,0xfca0e8779993e4264d51802935bb0ab00a51afc7,Î”
Assassin_Chevey0,Chevey0,Assassin_Chevey0#5867,0x66810c3d8fd14e5485bfaf2879be087be8a8e867,
Augment Echo,AugmentEcho,Augment Echo#0166,0x93dA7c130Bc76568DcA1cD6fe0EEe1EF7d5d245c,â™«
Autan219,Autan219,Autan#3622,0x40AF88b7c720cfe67547d6B5F70687D7f7c801F2,
Banjo_Kantoozkie,Banjo_Kantoozkie,Banjo_Kantoozkie#3999,0x43097640710567E1cD0cF45A8806268113F4D4f1,
BestLegend134,BestLegend134,BestLegend134#9177,0xc8C618628A66E76fF02adafF9c4D28cfF0Cc00A1,
Blue,TEMPLATE,Blue_#8030,Oxd7c7544c42153b3168cec8321edf7a77957aaf27,
Captain Reemays,avrorestina,Reemays#9533,0x13A27956a9D32cAaC01cF9da52F50360Cdd20483,
Captain_mac1137,,CPT_M1137#0577,0x0816d4d508BaebfA236F91DB4a0Ae7F226D12f99,
Carolus Magnus,,Carolus Magnus#6071,0xdAA8c8E050c4b6D124C06C814c26900eBb08b851,
cassiddidy,cassiddidy,cassiddidy#0858,0x9090948fB74281f586cC175AA184f9768DcFAaB2,
CasualLunatic12420,CasualLunatic12420,CasualLunatic12420#0230,0xc3282eA372718b353b4801041fb1c8E4961Ea79F,
ClassicGing,LtGing,ClassicGing#4235,0xfF4ed242c0d3EA7F329eea51F47ea3513795779b,
Corvus,CorvusCorax_668,Corvus#3959,0x4Fe3e8f76636b677f1E203EB0c0A3733e6Ec6020,Î”Â©
CoolLikeFonz,Infamous-Dot-8126,,0x0690deAd67A8C1B6159a8B10b315f2c2Bf5BC845,
CYCLONE36 TM,Cycclone_360,Old Spice Gaming#2913,0xd028877f3684cc0ed70ae80cbb100f6f523fc106,
Dark Eth0s,DarkEth0s,Dark Eth0s#8426,0xd50355571B0B02a155E8C16e760bE2cC31184394,
DHarhanWulf,DHarhanWulf,DHarhanWulf#3455,0x916C357B657CdBb3D9ef2e1f200dbC079Ec5F427,
direomardemon,,direomardemon#9783,0x090993D7D2F58349B2583070fBaEd0d23a28B927,
Dprokiller666,Th3B3stPi1ot,dprokiller666#2893,0x15b2A33317a18Cc93bB3A068EE244De3aC2887d0,
DrPrime8,s4rcgasm,drprime8#0285,0xef988779b5574fdf9004d0f612a6e88720837336,
FIBS,Kaboom443,Department Of Energy#5510,0x9a3bc9ff044f12b92349f9c0e6bae5da8af731c5,Î”
frybouche,frybouche,frybouche#9629,0x206bf2adea8fe11af0349af5628d48c1acab6cc5,
giulioskij,tippetex,gr0wler#4640,0xDCc7AfB3B8829b6741c2CA835Ea9fa660fc976af,
GizmoKhan,,gizmokhan#4855,0x54D45828639707978CC2066586b01c8a2224Ecc7,Â©
Glitterpede,_glitterpede_,Glitterpede#6886,0xCbAFC87eF7CbDB7D818a23350Daa5370b6b5fBA1,
Grimr0c,Ske7ch234,Grimr0c#0980,0xB956df9BDB9742acE6bE810f08519C84d032226e,Î”â™«
Hate Machinist,,[DB] Hate Machinist #3090,0x54e1FEAB816f7C58f4CA9bC41da3708738E21111,
iggdawg,iggdawg,Iggdawg#8761,0xCC5B3fa8993D64Bb8951b85a584d34FF5F82C494,
IJustWantUpdates,IJustWantUpdates,Rap Daniel the Raptor#3992,0xac5A3031ca69790Ce2170Ce9079148A360fb1388,
Indopan,cohenaj1941,indopan#7191,0xdd7bf21b30bc7f8d91a43c3a395cff6bb12e635f,
InstaKibs,nmskibbles,InstaKibs#0001,0xf02808a71d7dfdf1b4c0afc2d16ae736d012fac7,Î”
Jhast,,jhast#3879,0x1A4A52Eb4b63A1062caA251f542024B299F48F37,
JORDANMURPHY,MrJordanMurphy,MrJordanMurphy#1004,0xed66e4D1D82Dd9C1b66eec0AB7A629A39332E526,Î”
Junebug,ParadigmTheory,Junebug#1025,0xDC3D4eDc43F5a909Da14335F9A09C5E3185b88fA,
KinG Asssassin,KinG-Asssassin,The Asssassin#4317,0xa25f6deceb6567e82e62054f38c1a472744ffcbb,
kliktaxcze,kliktaxcze,kliktaxcze#6848,0xf4f8729e87534Fb927eaD6B079FfEAB1173B193b,
Mad diez#2808,Warbondbuyer ,Mad diez6808#2659,0x104d497eb3a2938A2166805F2373FaA601cDFBa3,
mathfreak2,mathfreak2,mathfreak2#7539,0x1290a0875523E60fd555a5c4bF46eB046a2aee77,
M3tz_63R,NowYaCMe,M3tz#5088,0x47070a5738a3c2b59b6e6de4550ac3614a10e9c7,
MrSllim89,MrSllim89,MrSllim#9502,0x2A277Cb0288eE70Ce09CaF79c9F4eea407a9c7E1,Î”
MusicianTT,MusicianTT,,0x06A84a718c0fC3812CB308A84E130aB383DBBE14,â™«
ncn,ncnxx,ncn#3595,0xDE72451015ea78C63f816b83d7703C9BE676e98c,
Noswads11,TangledCannon60,TangledCannon60#9828,0x7bcdafe0f2c2e92d40585e3db3649a45b51cc002,
oldman995,Milwr_Ddraig,Ò‰milwr ddraig#7754,0xD361eA6a6228E9DA01BC8DC26e464bbBa49C9DF1,
pch13,pch13,Pachyderm13#7196,0x78193fb17a55c172166f39dcec233836de1ed24b,
Phaedrus29,Phaedrus29,Phaedrus29#0302,0x0228e08BD0dCb68106c9c59c8C1723d017eAb97D,Î”
queenthril56789,annaivy40,MommyðŸ’–#5817,0xd0871b88aec993c995f3268efb379f48d7ef0b57,
RedFalcons-MDX,RedFalcons-MDX,RedFalcons-MDX#7985,0xC1d1a20F6648a5e42783cEDC866BaBcf4637CF21,Î”Â©
ricco-gonzalo,Ricco-gonzalo,captain-ricco#1011,0xf26c0dbe52db05eb11641021224d6cb7c7ce52d8,
rodwhitby,rwhitby,rwhitby#4100,0x4c64F8C897fF347921a12eA96195523C7cf5Bd1A,
SniperXvX2025,SniperXvX2025,GPG_SniperXvX2025#2009,0xAf5bfE8Dc7DFD7b42B35d9c237356075228Cd711,
sopholopho,,sopholopho#9988,0xe6607807Ec230E9EF91b66DC36c33CC636AB3F96,
Sturtle21,yeeter4500,Sturtle#0316,0x9d93011b18E9baA71fe563B83902fEA76C6180E0,
Syn1334,7101334,7101334#0228,0xae59BE528B8A33bA909a037EFf12Fe6496E7528b,Î”â™«Â©
Tercifer16,Tercifer,Tercifer#6075,0xaf355d88aad92f481ac07cfd5e457d632ce32ede,
Thelonius Tiecan,theloniasTiecan,ztensity#3227,0xd148d66083E3A03685ca39b289e75Df7F104423F,
TheZeldaBoi,,TheZeldaBoi#6365,0x8e3Bd6a3775322468a2182C7944cBb44FF2Bcab0,
TronLennon,Tr0nLenon,,0x26a074d5c863ff06b0504466c72dd82286d2a8a6,
Vege,,Vege#9293,0xf142540cF84E496A1EbE705e8AA72993D1bf64eD,
VividFawn185782,Fkh34d,Fkh34d#2828,0x3134Ff9AcBA5789df6e9Ce314f11A49953f30639,
YucaFrita,YucaFritaConSalsa,YucaFrita#8150,0x65cFFED9926D512C5424325231c38cB759653523,
ZaGroovyPhrog,Phroggu1,Za Groovy Phroggu#7338,0xA88482f6761d08f7edc50455B25F471794515353,Â©
Zombini61,Zombini6,NovaName#8133,0x57cc626a0de7de3f4ec831c49f2a8a70720c0b8a,